{
	"id": "d77ddd66-3f2b-3eb0-ad48-908678d2fc98",
	"name": "ACI Demo",
	"description": "",
	"order": [
		"11ff075c-9562-3758-8bfc-65a496b8adb0",
		"0417aefd-3a2d-62b3-398d-de0d43afc6f5",
		"86ab98c4-634a-2973-bcb7-73a2ecc52149",
		"42b6db93-1a6a-ee0e-bc52-a91ba2ed4189",
		"e1642c6d-9f3f-1e11-37ee-43476f92a838",
		"feef3541-6693-9f2b-c54f-d2b427285c6f",
		"5138c485-01d3-2119-868f-1babc38d1db8",
		"5ab9f50b-20cb-40c6-f300-92b516512da6",
		"79acc140-195e-a428-8df7-61bdbe4c939f",
		"1215ceb0-c658-fa13-dfef-ad3d37cdb17d"
	],
	"folders": [],
	"timestamp": 1500038387506,
	"owner": 0,
	"public": false,
	"requests": [
		{
			"id": "0417aefd-3a2d-62b3-398d-de0d43afc6f5",
			"headers": "",
			"headerData": [],
			"url": "https://apic/api/node/mo/uni/tn-Test/ap-APP.json",
			"queryParams": [],
			"pathVariables": {},
			"pathVariableData": [],
			"preRequestScript": null,
			"method": "POST",
			"collectionId": "d77ddd66-3f2b-3eb0-ad48-908678d2fc98",
			"data": [],
			"dataMode": "raw",
			"name": "https://apic/api/node/mo/uni/tn-Test/ap-APP.json",
			"description": "",
			"descriptionFormat": "html",
			"time": 1500038433378,
			"version": 2,
			"responses": [],
			"tests": null,
			"currentHelper": "normal",
			"helperAttributes": {},
			"rawModeData": "{\n\t\"fvAp\": {\n\t\t\"attributes\": {\n\t\t\t\"dn\": \"uni/tn-Test/ap-APP\",\n\t\t\t\"name\": \"APP\",\n\t\t\t\"rn\": \"ap-APP\",\n\t\t\t\"status\": \"created\"\n\t\t},\n\t\t\"children\": []\n\t}\n}"
		},
		{
			"id": "11ff075c-9562-3758-8bfc-65a496b8adb0",
			"headers": "",
			"headerData": [],
			"url": "https://apic/api/node/mo/uni/tn-Test/ap-APP/epg-APP.json",
			"queryParams": [],
			"pathVariables": {},
			"pathVariableData": [],
			"preRequestScript": null,
			"method": "POST",
			"collectionId": "d77ddd66-3f2b-3eb0-ad48-908678d2fc98",
			"data": [],
			"dataMode": "raw",
			"name": "https://apic/api/node/mo/uni/tn-Test/ap-APP/epg-APP.json",
			"description": "",
			"descriptionFormat": "html",
			"time": 1500038411264,
			"version": 2,
			"responses": [],
			"tests": null,
			"currentHelper": "normal",
			"helperAttributes": {},
			"rawModeData": "{\n\t\"fvAEPg\": {\n\t\t\"attributes\": {\n\t\t\t\"dn\": \"uni/tn-Test/ap-APP/epg-APP\",\n\t\t\t\"name\": \"APP\",\n\t\t\t\"rn\": \"epg-APP\",\n\t\t\t\"status\": \"created\"\n\t\t},\n\t\t\"children\": [{\n\t\t\t\"fvRsBd\": {\n\t\t\t\t\"attributes\": {\n\t\t\t\t\t\"tnFvBDName\": \"default\",\n\t\t\t\t\t\"status\": \"created,modified\"\n\t\t\t\t},\n\t\t\t\t\"children\": []\n\t\t\t}\n\t\t}]\n\t}\n}"
		},
		{
			"id": "1215ceb0-c658-fa13-dfef-ad3d37cdb17d",
			"headers": "",
			"headerData": [],
			"url": "http://apic/api/aaaLogin.json",
			"queryParams": [],
			"pathVariables": {},
			"pathVariableData": [],
			"preRequestScript": null,
			"method": "POST",
			"collectionId": "d77ddd66-3f2b-3eb0-ad48-908678d2fc98",
			"data": [],
			"dataMode": "raw",
			"name": "http://apic/api/aaaLogin.json",
			"description": "",
			"descriptionFormat": "html",
			"time": 1500038497373,
			"version": 2,
			"responses": [],
			"tests": null,
			"currentHelper": "normal",
			"helperAttributes": {},
			"rawModeData": "{\n \"aaaUser\":{\n\t\"attributes\":{\n\t  \"name\":\"admin\",\n\t  \"pwd\":\"cisco123\"\n\t  }\n\t }\n}"
		},
		{
			"id": "42b6db93-1a6a-ee0e-bc52-a91ba2ed4189",
			"headers": "",
			"headerData": [],
			"url": "http://apic/api/aaaLogin.json",
			"queryParams": [],
			"pathVariables": {},
			"pathVariableData": [],
			"preRequestScript": null,
			"method": "POST",
			"collectionId": "d77ddd66-3f2b-3eb0-ad48-908678d2fc98",
			"data": [],
			"dataMode": "raw",
			"name": "http://apic/api/aaaLogin.json",
			"description": "",
			"descriptionFormat": "html",
			"time": 1500038447907,
			"version": 2,
			"responses": [],
			"tests": null,
			"currentHelper": "normal",
			"helperAttributes": {},
			"rawModeData": "{\n \"aaaUser\":{\n\t\"attributes\":{\n\t  \"name\":\"admin\",\n\t  \"pwd\":\"cisco123\"\n\t  }\n\t }\n}"
		},
		{
			"id": "5138c485-01d3-2119-868f-1babc38d1db8",
			"headers": "",
			"headerData": [],
			"url": "http://apic/api/node/mo/uni/tn-Test.json",
			"queryParams": [],
			"pathVariables": {},
			"pathVariableData": [],
			"preRequestScript": null,
			"method": "POST",
			"collectionId": "d77ddd66-3f2b-3eb0-ad48-908678d2fc98",
			"data": [],
			"dataMode": "raw",
			"name": "http://apic/api/node/mo/uni/tn-Test.json",
			"description": "",
			"descriptionFormat": "html",
			"time": 1500038470412,
			"version": 2,
			"responses": [],
			"tests": null,
			"currentHelper": "normal",
			"helperAttributes": {},
			"rawModeData": "{\n\t\"fvTenant\": {\n\t\t\"attributes\": {\n\t\t\t\"dn\": \"uni/tn-Test\",\n\t\t\t\"name\": \"Test\",\n\t\t\t\"rn\": \"tn-Test\",\n\t\t\t\"status\": \"created\"\n\t\t},\n\t\t\"children\": []\n\t}\n}"
		},
		{
			"id": "5ab9f50b-20cb-40c6-f300-92b516512da6",
			"headers": "",
			"headerData": [],
			"url": "https://apic/api/node/mo/uni/tn-Test/ap-APP/epg-APP.json",
			"queryParams": [],
			"pathVariables": {},
			"pathVariableData": [],
			"preRequestScript": null,
			"method": "POST",
			"collectionId": "d77ddd66-3f2b-3eb0-ad48-908678d2fc98",
			"data": [],
			"dataMode": "raw",
			"name": "https://apic/api/node/mo/uni/tn-Test/ap-APP/epg-APP.json",
			"description": "",
			"descriptionFormat": "html",
			"time": 1500038481217,
			"version": 2,
			"responses": [],
			"tests": null,
			"currentHelper": "normal",
			"helperAttributes": {},
			"rawModeData": "{\n\t\"fvAEPg\": {\n\t\t\"attributes\": {\n\t\t\t\"dn\": \"uni/tn-Test/ap-APP/epg-APP\",\n\t\t\t\"name\": \"APP\",\n\t\t\t\"rn\": \"epg-APP\",\n\t\t\t\"status\": \"created\"\n\t\t},\n\t\t\"children\": [{\n\t\t\t\"fvRsBd\": {\n\t\t\t\t\"attributes\": {\n\t\t\t\t\t\"tnFvBDName\": \"default\",\n\t\t\t\t\t\"status\": \"created,modified\"\n\t\t\t\t},\n\t\t\t\t\"children\": []\n\t\t\t}\n\t\t}]\n\t}\n}"
		},
		{
			"id": "79acc140-195e-a428-8df7-61bdbe4c939f",
			"headers": "",
			"headerData": [],
			"url": "https://apic/api/node/mo/uni/tn-Test/ap-APP/epg-APP.json",
			"queryParams": [],
			"pathVariables": {},
			"pathVariableData": [],
			"preRequestScript": null,
			"method": "POST",
			"collectionId": "d77ddd66-3f2b-3eb0-ad48-908678d2fc98",
			"data": [],
			"dataMode": "raw",
			"name": "https://apic/api/node/mo/uni/tn-Test/ap-APP/epg-APP.json",
			"description": "",
			"descriptionFormat": "html",
			"time": 1500038492193,
			"version": 2,
			"responses": [],
			"tests": null,
			"currentHelper": "normal",
			"helperAttributes": {},
			"rawModeData": "{\n\t\"fvAEPg\": {\n\t\t\"attributes\": {\n\t\t\t\"dn\": \"uni/tn-Test/ap-APP/epg-APP\",\n\t\t\t\"name\": \"APP\",\n\t\t\t\"rn\": \"epg-APP\",\n\t\t\t\"status\": \"created\"\n\t\t},\n\t\t\"children\": [{\n\t\t\t\"fvRsBd\": {\n\t\t\t\t\"attributes\": {\n\t\t\t\t\t\"tnFvBDName\": \"default\",\n\t\t\t\t\t\"status\": \"created,modified\"\n\t\t\t\t},\n\t\t\t\t\"children\": []\n\t\t\t}\n\t\t}]\n\t}\n}"
		},
		{
			"id": "86ab98c4-634a-2973-bcb7-73a2ecc52149",
			"headers": "",
			"headerData": [],
			"url": "http://apic/api/node/mo/uni/tn-Test.json",
			"queryParams": [],
			"pathVariables": {},
			"pathVariableData": [],
			"preRequestScript": null,
			"method": "POST",
			"collectionId": "d77ddd66-3f2b-3eb0-ad48-908678d2fc98",
			"data": [],
			"dataMode": "raw",
			"name": "http://apic/api/node/mo/uni/tn-Test.json",
			"description": "",
			"descriptionFormat": "html",
			"time": 1500038440775,
			"version": 2,
			"responses": [],
			"tests": null,
			"currentHelper": "normal",
			"helperAttributes": {},
			"rawModeData": "{\n\t\"fvTenant\": {\n\t\t\"attributes\": {\n\t\t\t\"dn\": \"uni/tn-Test\",\n\t\t\t\"name\": \"Test\",\n\t\t\t\"rn\": \"tn-Test\",\n\t\t\t\"status\": \"created\"\n\t\t},\n\t\t\"children\": []\n\t}\n}"
		},
		{
			"id": "e1642c6d-9f3f-1e11-37ee-43476f92a838",
			"headers": "",
			"headerData": [],
			"url": "http://apic/api/node/mo/uni/tn-Test.json",
			"queryParams": [],
			"pathVariables": {},
			"pathVariableData": [],
			"preRequestScript": null,
			"method": "POST",
			"collectionId": "d77ddd66-3f2b-3eb0-ad48-908678d2fc98",
			"data": [],
			"dataMode": "raw",
			"name": "http://apic/api/node/mo/uni/tn-Test.json",
			"description": "",
			"descriptionFormat": "html",
			"time": 1500038457332,
			"version": 2,
			"responses": [],
			"tests": null,
			"currentHelper": "normal",
			"helperAttributes": {},
			"rawModeData": "{\n\t\"fvTenant\": {\n\t\t\"attributes\": {\n\t\t\t\"dn\": \"uni/tn-Test\",\n\t\t\t\"name\": \"Test\",\n\t\t\t\"rn\": \"tn-Test\",\n\t\t\t\"status\": \"created\"\n\t\t},\n\t\t\"children\": []\n\t}\n}"
		},
		{
			"id": "feef3541-6693-9f2b-c54f-d2b427285c6f",
			"headers": "",
			"headerData": [],
			"url": "http://apic/api/node/mo/uni/tn-Test.json",
			"queryParams": [],
			"pathVariables": {},
			"pathVariableData": [],
			"preRequestScript": null,
			"method": "POST",
			"collectionId": "d77ddd66-3f2b-3eb0-ad48-908678d2fc98",
			"data": [],
			"dataMode": "raw",
			"name": "http://apic/api/node/mo/uni/tn-Test.json",
			"description": "",
			"descriptionFormat": "html",
			"time": 1500038463345,
			"version": 2,
			"responses": [],
			"tests": null,
			"currentHelper": "normal",
			"helperAttributes": {},
			"rawModeData": "{\n\t\"fvTenant\": {\n\t\t\"attributes\": {\n\t\t\t\"dn\": \"uni/tn-Test\",\n\t\t\t\"name\": \"Test\",\n\t\t\t\"rn\": \"tn-Test\",\n\t\t\t\"status\": \"created\"\n\t\t},\n\t\t\"children\": []\n\t}\n}"
		}
	]
}