{
  "ned:route": {
    "ip-route-interface-forwarding-list": [
      {
        "prefix": "1.1.1.0",
        "mask": "255.255.255.0",
        "fwd-list": [
          {
            "fwd": "192.168.1.100"
          }
        ]
       },
      {
        "prefix": "2.2.2.0",
        "mask": "255.255.255.0",
        "fwd-list": [
          {
            "fwd": "192.168.1.200"
          }
        ]
      },
     {
        "prefix": "10.0.0.0",
        "mask": "255.0.0.0",
        "fwd-list": [
          {
            "fwd": "192.168.1.2"
          }
        ]
      }, 
     {
        "prefix": "20.20.20.0",
        "mask": "255.255.255.0",
        "fwd-list": [
          {
            "fwd": "192.168.1.1"
          }
        ]
      }
    ]
  }
}
